2Person Name21231231234-XL, AF1234567
4Person Name31231231234-XL, AF1234567
8Person Name71231231234-XL, AF1234567
11Person Name101231231234-XL, AF1234567
12Person Name111231231234-XL, AF1234567
13Person Name121231231234-XL, AF1234567
14Person Name131231231234-XL, AF1234567
15Person Name1231231234-XL, AF1234567
17Person Name1231231234-XL, AF1234567
18Person Name1231231234-XL, AF1234567
20P1231231234-XL, AF1234567
21Person Name1231231234-XL, AF1234567
22Person Name1231231234-XL, AF1234567
24Person Name1231231234-XL, AF1234567
25Person Name1231231234-XL, AF1234567
